DROP
DATABASE WEBSITE_BAN_GIAY
GO
CREATE
DATABASE WEBSITE_BAN_GIAY
GO
USE WEBSITE_BAN_GIAY
GO
CREATE TABLE THUONG_HIEU
(
    ID         UNIQUEIDENTIFIER PRIMARY KEY DEFAULT NEWID(),
    TEN_URL    VARCHAR(20)                  DEFAULT NULL,
    MA         VARCHAR(20) UNIQUE,
    TEN        NVARCHAR(50) DEFAULT NULL,
    TRANG_THAI INT NULL
)

CREATE TABLE DE_GIAY
(
    ID         UNIQUEIDENTIFIER PRIMARY KEY DEFAULT NEWID(),
    MA         VARCHAR(20) UNIQUE,
    TEN        NVARCHAR(50) DEFAULT NULL,
    TRANG_THAI INT NULL
)
CREATE TABLE XUAT_XU
(
    ID         UNIQUEIDENTIFIER PRIMARY KEY DEFAULT NEWID(),
    MA         VARCHAR(20) UNIQUE,
    TEN        NVARCHAR(50) DEFAULT NULL,
    TRANG_THAI INT NULL
)
CREATE TABLE KIEU_DANG
(
    ID         UNIQUEIDENTIFIER PRIMARY KEY DEFAULT NEWID(),
    MA         VARCHAR(20) UNIQUE,
    TEN        NVARCHAR(50) DEFAULT NULL,
    TRANG_THAI INT NULL
)
CREATE TABLE CHAT_LIEU
(
    ID         UNIQUEIDENTIFIER PRIMARY KEY DEFAULT NEWID(),
    MA         VARCHAR(20) UNIQUE,
    TEN        NVARCHAR(50) DEFAULT NULL,
    TRANG_THAI INT NULL
)
CREATE TABLE MAU_SAC
(
    ID         UNIQUEIDENTIFIER PRIMARY KEY DEFAULT NEWID(),
    MA         VARCHAR(20) UNIQUE,
    TEN        NVARCHAR(50) DEFAULT NULL,
    TRANG_THAI INT NULL
)
CREATE TABLE GIAY
(
    ID                 UNIQUEIDENTIFIER PRIMARY KEY DEFAULT NEWID(),
    MA                 VARCHAR(20) UNIQUE,
    TEN                NVARCHAR(200) DEFAULT NULL,
    MO_TA              NVARCHAR(255) NULL,
    GIA_NHAP           DECIMAL,
    GIA_BAN            DECIMAL,
    GIA_SAU_KHUYEN_MAI DECIMAL,
    NGAY_NHAP          DATE,
    DO_HOT             INT NULL,
    TRANG_THAI         INT NULL,
    ID_THUONG_HIEU     UNIQUEIDENTIFIER,
    ID_CHAT_LIEU       UNIQUEIDENTIFIER,
    ID_DE_GIAY         UNIQUEIDENTIFIER,
    ID_XUAT_XU         UNIQUEIDENTIFIER,
    ID_KIEU_DANG       UNIQUEIDENTIFIER,
    ID_MAU_SAC         UNIQUEIDENTIFIER,
    FOREIGN KEY (ID_THUONG_HIEU) REFERENCES THUONG_HIEU (ID),
    FOREIGN KEY (ID_CHAT_LIEU) REFERENCES CHAT_LIEU (ID),
    FOREIGN KEY (ID_DE_GIAY) REFERENCES DE_GIAY (ID),
    FOREIGN KEY (ID_XUAT_XU) REFERENCES XUAT_XU (ID),
    FOREIGN KEY (ID_KIEU_DANG) REFERENCES KIEU_DANG (ID),
    FOREIGN KEY (ID_MAU_SAC) REFERENCES MAU_SAC (ID)
)
CREATE TABLE DANH_MUC
(
    ID         UNIQUEIDENTIFIER PRIMARY KEY DEFAULT NEWID(),
    MA         VARCHAR(20) UNIQUE,
    TEN        NVARCHAR(200) DEFAULT NULL,
    TRANG_THAI INT NULL,
    ID_GIAY    UNIQUEIDENTIFIER,
    FOREIGN KEY (ID_GIAY) REFERENCES GIAY (ID)
)
CREATE TABLE ANH_GIAY
(
    ID         UNIQUEIDENTIFIER PRIMARY KEY DEFAULT NEWID(),
    TEN_URL    VARCHAR(20) UNIQUE,
    TRANG_THAI INT NULL,
    ID_GIAY    UNIQUEIDENTIFIER,
    FOREIGN KEY (ID_GIAY) REFERENCES GIAY (ID)
)
CREATE TABLE KICH_CO
(
    ID         UNIQUEIDENTIFIER PRIMARY KEY DEFAULT NEWID(),
    MA         VARCHAR(20) UNIQUE,
    TEN        NVARCHAR(50) DEFAULT NULL,
    TRANG_THAI INT NULL
)
CREATE TABLE GIAY_CHI_TIET
(
    ID           UNIQUEIDENTIFIER PRIMARY KEY DEFAULT NEWID(),
    ID_GIAY      UNIQUEIDENTIFIER,
    ID_KICH_CO   UNIQUEIDENTIFIER,
    SO_LUONG_TON INT                          DEFAULT NULL,
    TRANG_THAI   INT NULL,
    FOREIGN KEY (ID_GIAY) REFERENCES GIAY (ID),
    FOREIGN KEY (ID_KICH_CO) REFERENCES KICH_CO (ID)
)
CREATE TABLE CHUC_VU
(
    ID         UNIQUEIDENTIFIER PRIMARY KEY DEFAULT NEWID(),
    MA         VARCHAR(20) UNIQUE,
    TEN        NVARCHAR(50) DEFAULT NULL,
    TRANG_THAI INT NULL
)
CREATE TABLE NHAN_VIEN
(
    ID             UNIQUEIDENTIFIER PRIMARY KEY DEFAULT NEWID(),
    MA             VARCHAR(20) UNIQUE,
    ANH            VARCHAR(20) NULL,
    HO_TEN         NVARCHAR(50) DEFAULT NULL,
    NGAY_SINH      DATE NULL,
    DIA_CHI        NVARCHAR(255),
    XA             NVARCHAR(250) DEFAULT NULL,
    HUYEN          NVARCHAR(50) DEFAULT NULL,
    THANH_PHO      NVARCHAR(255) NULL,
    SO_DIEN_THOAI  NVARCHAR(15) NULL,
    EMAIL          NVARCHAR(255) NULL,
    MAT_KHAU       NVARCHAR(255) NULL,
    NGAY_VAO_LAM   DATE NULL,
    NGAY_NGHI_VIEC DATE NULL,
    TRANG_THAI     INT NULL,
    ID_CHUC_VU     UNIQUEIDENTIFIER,
    FOREIGN KEY (ID_CHUC_VU) REFERENCES CHUC_VU (ID)
)
CREATE TABLE CHUONG_TRINH_GIAM_GIA_SAN_PHAM
(
    ID                  UNIQUEIDENTIFIER PRIMARY KEY DEFAULT NEWID(),
    MA                  VARCHAR(20) UNIQUE,
    TEN                 NVARCHAR(50) DEFAULT NULL,
    PHAN_TRAM_GIAM      INT,
    NGAY_BAT_DAU        DATE,
    NGAY_KET_THUC       DATE,
    TRANG_THAI          INT NULL,
    ID_NHAN_VIEN_CREATE UNIQUEIDENTIFIER,
    ID_NHAN_VIEN_UPDATE UNIQUEIDENTIFIER
        FOREIGN KEY (ID_NHAN_VIEN_CREATE) REFERENCES NHAN_VIEN(ID),
    FOREIGN KEY (ID_NHAN_VIEN_UPDATE) REFERENCES NHAN_VIEN (ID)
)
CREATE TABLE CHUONG_TRINH_GIAM_GIA_CHI_TIET_SAN_PHAM
(
    ID                                UNIQUEIDENTIFIER PRIMARY KEY DEFAULT NEWID(),
    SO_TIEN_DA_GIAM                   DECIMAL,
    TRANG_THAI                        INT NULL,
    ID_GIAY                           UNIQUEIDENTIFIER,
    ID_CHUONG_TRINH_GIAM_GIA_SAN_PHAM UNIQUEIDENTIFIER
        FOREIGN KEY (ID_GIAY) REFERENCES GIAY(ID),
    FOREIGN KEY (ID_CHUONG_TRINH_GIAM_GIA_SAN_PHAM) REFERENCES CHUONG_TRINH_GIAM_GIA_SAN_PHAM (ID)
)
CREATE TABLE HANG_KHACH_HANG
(
    ID         UNIQUEIDENTIFIER PRIMARY KEY DEFAULT NEWID(),
    MA         VARCHAR(20) UNIQUE,
    TEN        NVARCHAR(50) DEFAULT NULL,
    DIEU_KIEN  MONEY NULL,
    TRANG_THAI INT NULL
)
CREATE TABLE KHACH_HANG
(
    ID                 UNIQUEIDENTIFIER PRIMARY KEY DEFAULT NEWID(),
    MA                 VARCHAR(20) UNIQUE,
    ANH                VARCHAR(20) NULL,
    HO_TEN             NVARCHAR(50) DEFAULT NULL,
    NGAY_SINH          DATE NULL,
    SO_DIEN_THOAI      NVARCHAR(15) NULL,
    EMAIL              NVARCHAR(255) NULL,
    MAT_KHAU           NVARCHAR(255) NULL,
    TRANG_THAI         INT NULL,
    ID_HANG_KHACH_HANG UNIQUEIDENTIFIER NULL,
    FOREIGN KEY (ID_HANG_KHACH_HANG) REFERENCES HANG_KHACH_HANG (ID)
)
--CREATE TABLE Y_KIEN_DONG_GOP
--(
--    ID             UNIQUEIDENTIFIER PRIMARY KEY DEFAULT NEWID(),
--    MA             VARCHAR(20) UNIQUE,
--    TEN_NGUOI_DUNG NVARCHAR(50) NULL,
--    SO_DIEN_THOAI  NVARCHAR(15) NULL,
--    EMAIL          NVARCHAR(255) NULL,
--    NOI_DUNG       NVARCHAR(255) NULL,
--    TRANG_THAI     INT NULL,
--    ID_KHACH_HANG  UNIQUEIDENTIFIER NULL,
--    FOREIGN KEY (ID_KHACH_HANG) REFERENCES KHACH_HANG (ID)
--)

--CREATE TABLE VI_DIEM
--(
--    ID              UNIQUEIDENTIFIER PRIMARY KEY DEFAULT NEWID(),
--    TONG_DIEM       INT NULL,
--    SO_DIEM_DA_DUNG INT NULL,
--    SO_DIEM_DA_CONG INT NULL,
--    TRANG_THAI      INT NULL,
--    ID_KHACH_HANG   UNIQUEIDENTIFIER NULL,
--    FOREIGN KEY (ID_KHACH_HANG) REFERENCES KHACH_HANG (ID)
--)
--CREATE TABLE QUY_DOI_DIEM
--(
--    ID                UNIQUEIDENTIFIER PRIMARY KEY DEFAULT NEWID(),
--    SO_TIEN_TUONG_UNG MONEY NULL,
--    SO_DIEM_TUONG_UNG INT NULL,
--    TRANG_THAI        INT NULL,
--)
CREATE TABLE DANH_GIA
(
    ID                 UNIQUEIDENTIFIER PRIMARY KEY DEFAULT NEWID(),
    SAO                INT,
    TEN_NGUOI_DANH_GIA NVARCHAR(50),
    NOI_DUNG           NVARCHAR( MAX),
    TRANG_THAI         INT NULL,
    ID_GIAY            UNIQUEIDENTIFIER,
    FOREIGN KEY (ID_GIAY) REFERENCES GIAY (ID)
)
CREATE TABLE DIA_CHI
(
    ID                       UNIQUEIDENTIFIER PRIMARY KEY DEFAULT NEWID(),
    MA                       VARCHAR(20) UNIQUE,
    TEN_DIA_CHI              NVARCHAR(250) DEFAULT NULL,
    TEN_NGUOI_NHAN           NVARCHAR(250) DEFAULT NULL,
    SO_DIEN_THOAI_NGUOI_NHAN NVARCHAR(15) DEFAULT NULL,
    XA                       NVARCHAR(250) DEFAULT NULL,
    HUYEN                    NVARCHAR(50) DEFAULT NULL,
    THANH_PHO                NVARCHAR(50) DEFAULT NULL,
    TRANG_THAI               INT NULL,
    ID_KHACH_HANG            UNIQUEIDENTIFIER,
    FOREIGN KEY (ID_KHACH_HANG) REFERENCES KHACH_HANG (ID)
)
CREATE TABLE GIO_HANG
(
    ID            UNIQUEIDENTIFIER PRIMARY KEY DEFAULT NEWID(),
    MA            VARCHAR(20) UNIQUE,
    NGAY_TAO      DATE NULL,
    NGAY_CAP_NHAT DATE NULL,
    GHI_CHU       NVARCHAR(255) NULL,
    TRANG_THAI    INT NULL,
    ID_KHACH_HANG UNIQUEIDENTIFIER,
    FOREIGN KEY (ID_KHACH_HANG) REFERENCES KHACH_HANG (ID)
)
CREATE TABLE GIO_HANG_CHI_TIET
(
    ID               UNIQUEIDENTIFIER PRIMARY KEY DEFAULT NEWID(),
    SO_LUONG         INT NULL,
    GHI_CHU          NVARCHAR(255) NULL,
    TRANG_THAI       INT NULL,
    ID_GIO_HANG      UNIQUEIDENTIFIER,
    ID_GIAY_CHI_TIET UNIQUEIDENTIFIER,
    FOREIGN KEY (ID_GIO_HANG) REFERENCES GIO_HANG (ID),
    FOREIGN KEY (ID_GIAY_CHI_TIET) REFERENCES GIAY_CHI_TIET (ID)
)
CREATE TABLE HOA_DON
(
    ID                       UNIQUEIDENTIFIER PRIMARY KEY DEFAULT NEWID(),
    MA                       VARCHAR(20) UNIQUE,
    NGAY_TAO                 DATE NULL,
    NGAY_THANH_TOAN          DATE NULL,
    MO_TA                    NVARCHAR(255) NULL,
    TEN_NGUOI_NHAN           NVARCHAR(255) NULL,
    SO_DIEN_THOAI_NGUOI_NHAN NVARCHAR(15) NULL,
    DIA_CHI                  NVARCHAR(255) NULL,
    TONG_TIEN                DECIMAL,
    HINH_THUC_MUA            INT,
    HINH_THUC_THANH_TOAN     INT,
    HINH_THUC_NHAN_HANG      INT,
    SO_TIEN_GIAM             MONEY,
    PHI_SHIP                 MONEY,
    SO_DIEM_SU_DUNG          INT,
    SO_TIEN_QUY_DOI          DECIMAL,
    TRANG_THAI               INT NULL,
    ID_NHAN_VIEN             UNIQUEIDENTIFIER,
    ID_KHACH_HANG            UNIQUEIDENTIFIER,
    FOREIGN KEY (ID_NHAN_VIEN) REFERENCES NHAN_VIEN (ID),
    FOREIGN KEY (ID_KHACH_HANG) REFERENCES KHACH_HANG (ID)
)
CREATE TABLE HOA_DON_CHI_TIET
(
    ID               UNIQUEIDENTIFIER PRIMARY KEY DEFAULT NEWID(),
    SO_LUONG         INT,
    GIA_NHAP         DECIMAL,
    DON_GIA          DECIMAL,
    TRANG_THAI       INT NULL,
    ID_HOA_DON       UNIQUEIDENTIFIER,
    ID_GIAY_CHI_TIET UNIQUEIDENTIFIER,
    FOREIGN KEY (ID_HOA_DON) REFERENCES HOA_DON (ID),
    FOREIGN KEY (ID_GIAY_CHI_TIET) REFERENCES GIAY_CHI_TIET (ID)
)
--CREATE TABLE LICH_SU_TICH_DIEM
--(
--    ID              UNIQUEIDENTIFIER PRIMARY KEY DEFAULT NEWID(),
--    SO_DIEM_DA_DUNG INT NULL,
--    NGAY_SU_DUNG    DATE NULL,
--    SO_DIEM_CONG    INT NULL,
--    TRANG_THAI      INT NULL,
--    ID_VI_DIEM      UNIQUEIDENTIFIER,
--    ID_HOA_DON      UNIQUEIDENTIFIER,
--    ID_QUY_DOI_DIEM UNIQUEIDENTIFIER,
--    FOREIGN KEY (ID_VI_DIEM) REFERENCES VI_DIEM (ID),
--    FOREIGN KEY (ID_HOA_DON) REFERENCES HOA_DON (ID),
--    FOREIGN KEY (ID_QUY_DOI_DIEM) REFERENCES QUY_DOI_DIEM (ID)
--)
CREATE TABLE CHUONG_TRINH_GIAM_GIA_HOA_DON
(
    ID               UNIQUEIDENTIFIER PRIMARY KEY DEFAULT NEWID(),
    MA               VARCHAR(20) UNIQUE,
    TEN              NVARCHAR(50) DEFAULT NULL,
    DIEU_KIEN        DECIMAL                      DEFAULT NULL,
    SO_TIEN_GIAM_MAX DECIMAL                      DEFAULT NULL,
    NGAY_BAT_DAU     DATE                         DEFAULT NULL,
    NGAY_KET_THUC    DATE                         DEFAULT NULL,
    PHAN_TRAM_GIAM   INT                          DEFAULT NULL,
    SO_LUONG         INT                          DEFAULT NULL,
    TRANG_THAI       INT NULL
)
CREATE TABLE CHUONG_TRINH_GIAM_GIA_CHI_TIET_HOA_DON
(
    ID                               UNIQUEIDENTIFIER PRIMARY KEY DEFAULT NEWID(),
    TONG_TIEN                        DECIMAL                      DEFAULT NULL,
    SO_TIEN_DA_GIAM                  DECIMAL                      DEFAULT NULL,
    TONG_TIEN_THANH_TOAN             DECIMAL                      DEFAULT NULL,
    TRANG_THAI                       INT NULL,
    ID_HOA_DON                       UNIQUEIDENTIFIER,
    ID_CHUONG_TRINH_GIAM_GIA_HOA_DON UNIQUEIDENTIFIER,
    FOREIGN KEY (ID_HOA_DON) REFERENCES HOA_DON (ID),
    FOREIGN KEY (ID_CHUONG_TRINH_GIAM_GIA_HOA_DON) REFERENCES CHUONG_TRINH_GIAM_GIA_HOA_DON (ID)
)
--CREATE TABLE GIO_HANG_SAN_PHAM_YEU_THICH
--(
--    ID            UNIQUEIDENTIFIER PRIMARY KEY DEFAULT NEWID(),
--    NGAY_TAO      DATE NULL,
--    TRANG_THAI    INT NULL,
--    ID_KHACH_HANG UNIQUEIDENTIFIER,
--    FOREIGN KEY (ID_KHACH_HANG) REFERENCES KHACH_HANG (ID)
--)
--CREATE TABLE GIO_HANG_SAN_PHAM_YEU_THICH_CHI_TIET
--(
--    ID                             UNIQUEIDENTIFIER PRIMARY KEY DEFAULT NEWID(),
--    NGAY_TAO                       DATE NULL,
--    TRANG_THAI                     INT NULL,
--    ID_GIO_HANG_SAN_PHAM_YEU_THICH UNIQUEIDENTIFIER,
--    ID_GIAY                        UNIQUEIDENTIFIER,
--    FOREIGN KEY (ID_GIO_HANG_SAN_PHAM_YEU_THICH) REFERENCES GIO_HANG_SAN_PHAM_YEU_THICH (ID),
--    FOREIGN KEY (ID_GIAY) REFERENCES GIAY (ID)
--) 
USE [WEBSITE_BAN_GIAY]
GO
INSERT INTO THUONG_HIEU (ID, TEN_URL, MA, TEN, TRANG_THAI) VALUES (N'74e74ba3-6285-c247-b588-62e0cd12e1e1', N'1.jpg', N'TH01', N'TRUNG QUOC', 1),
																  (N'74e74ba3-6285-c247-b588-62e0cd12e1e2', N'2.jpg', N'TH02', N'HAN QUOC', 0),
																  (N'74e74ba3-6285-c247-b588-62e0cd12e1e3', N'3.jpg', N'TH03', N'MY', 1),
																  (N'74e74ba3-6285-c247-b588-62e0cd12e1e4', N'4.jpg', N'TH04', N'VIET NAM', 1),
																  (N'74e74ba3-6285-c247-b588-62e0cd12e1e5', N'5.jpg', N'TH05', N'NHAT BAN', 0),
																  (N'74e74ba3-6285-c247-b588-62e0cd12e1e6', N'6.jpg', N'TH06', N'DAI LOAN', 1),
																  (N'74e74ba3-6285-c247-b588-62e0cd12e1e7', N'7.jpg', N'TH011', N'ANH', 1),
																  (N'74e74ba3-6285-c247-b588-62e0cd12e1e8', N'8.jpg', N'TH08', N'PHAP', 0),
																  (N'74e74ba3-6285-c247-b588-62e0cd12e1e9', N'9.jpg', N'TH09', N'HOA KY', 1),
																  (N'74e74ba3-6285-c247-b588-62e0cd13e1e1', N'10.jpg', N'TH10', N'DUC', 1)
INSERT INTO GIOI_TINH (ID, MA, TEN, TRANG_THAI) VALUES (N'046dc72b-3057-ff4d-bbf3-a865de58b6a1', N'GT01', N'UNISEX', 1),
													   (N'046dc72b-3057-ff4d-bbf3-a865de58b6a2', N'GT02', N'TRE EM', 0),
													   (N'046dc72b-3057-ff4d-bbf3-a865de58b6a3', N'GT03', N'NAM', 1),
													   (N'046dc72b-3057-ff4d-bbf3-a865de58b6a4', N'GT04', N'NU', 0),
													   (N'046dc72b-3057-ff4d-bbf3-a865de58b6a5', N'GT05', N'TRUNG NIEN', 0)
INSERT INTO DE_GIAY (ID, MA, TEN, TRANG_THAI) VALUES (N'a890b541-d210-7a42-bfa9-bb9ab4a73f60', N'DG01', N'GIAY LUOI', 1),
													 (N'a890b541-d210-7a42-bfa9-bb9ab4a73f61', N'DG02', N'GIAY DA', 0),
													 (N'a890b541-d210-7a42-bfa9-bb9ab4a73f62', N'DG03', N'GIAY VAI', 1),
													 (N'a890b541-d210-7a42-bfa9-bb9ab4a73f63', N'DG04', N'GIAY CO CAO', 0),
													 (N'a890b541-d210-7a42-bfa9-bb9ab4a73f64', N'DG05', N'GIAY CA SAU', 0)
INSERT INTO XUAT_XU (ID, MA, TEN, TRANG_THAI) VALUES (N'390ecab5-666a-8c49-8b8c-3c894b85ea01', N'XX01', N'TRUNG QUOC', 1),
													 (N'390ecab5-666a-8c49-8b8c-3c894b85ea02', N'XX02', N'VIET NAM', 0),
													 (N'390ecab5-666a-8c49-8b8c-3c894b85ea03', N'XX03', N'DUC', 1),
													 (N'390ecab5-666a-8c49-8b8c-3c894b85ea04', N'XX04', N'DAI LOAN', 0),
													 (N'390ecab5-666a-8c49-8b8c-3c894b85ea05', N'XX05', N'NHAT BAN', 0)
INSERT INTO KIEU_DANG (ID, MA, TEN, TRANG_THAI) VALUES (N'74e74ba3-6285-c247-b588-62e0cd12e1e1', N'KG01', N'CAO', 1),
													   (N'74e74ba3-6285-c247-b588-62e0cd12e1e2', N'KG02', N'TRUNG', 0),
													   (N'74e74ba3-6285-c247-b588-62e0cd12e1e3', N'KG03', N'THAP', 1),
													   (N'74e74ba3-6285-c247-b588-62e0cd12e1e4', N'KG04', N'TRE EM', 0),
													   (N'74e74ba3-6285-c247-b588-62e0cd12e1e5', N'KG05', N'NGUOI LON', 0)
INSERT INTO CHAT_LIEU (ID, MA, TEN, TRANG_THAI) VALUES (N'a890b541-d210-7a42-bfa9-bb9ab4a73f60', N'CL01', N'CAO SU', 1),
													   (N'a890b541-d210-7a42-bfa9-bb9ab4a73f61', N'CL02', N'VAI', 0),
													   (N'a890b541-d210-7a42-bfa9-bb9ab4a73f62', N'CL03', N'NHUA', 1),
													   (N'a890b541-d210-7a42-bfa9-bb9ab4a73f63', N'CL04', N'COTTON', 0),
													   (N'a890b541-d210-7a42-bfa9-bb9ab4a73f64', N'CL05', N'SAT', 0)
INSERT INTO MAU_SAC (ID, MA, TEN, TRANG_THAI) VALUES (N'c840d102-65e6-0847-b251-c854e12434bf', N'MS01', N'DO', 1),
													 (N'c840d102-65e6-0847-b251-c854e12435bf', N'MS02', N'DEN', 0),
													 (N'c840d102-65e6-0847-b251-c854e12436bf', N'MS03', N'VANG', 1),
													 (N'c840d102-65e6-0847-b251-c854e12437bf', N'MS04', N'XANH', 0),
													 (N'c840d102-65e6-0847-b251-c854e12438bf', N'MS05', N'TRANG', 0
INSERT INTO GIAY (ID, MA, TEN, MO_TA, GIA_NHAP, GIA_BAN, GIA_SAU_KHUYEN_MAI, NGAY_NHAP, DO_HOT, TRANG_THAI, ID_THUONG_HIEU, ID_GIOI_TINH, ID_CHAT_LIEU, ID_DE_GIAY, ID_XUAT_XU, ID_KIEU_DANG, ID_MAU_SAC) 
VALUES (N'8720d28f-5e84-7047-a0cd-886872b4dbc2', N'GIAY02', N'GIAY SIEU DEP', N'CHAT LUONG CAO', CAST(1200000 AS DECIMAL(18, 0)), CAST(1700000 AS DECIMAL(18, 0)), CAST(1600000 AS DECIMAL(18,0)), CAST(N'2024-02-05' AS DATE), 1, 1, N'74E74BA3-6285-C247-B588-62E0CD12E1E2', N'046DC72B-3057-FF4D-BBF3-A865DE58B6A2', N'A890B541-D210-7A42-BFA9-BB9AB4A73F61', N'A890B541-D210-7A42-BFA9-BB9AB4A73F61', N'390ECAB5-666A-8C49-8B8C-3C894B85EA02', N'74E74BA3-6285-C247-B588-62E0CD12E1E5', N'C840D102-65E6-0847-B251-C854E12435BF'),
	   (N'8720d28f-5e84-7047-a0cd-886872b4dbc3', N'GIAY03', N'GIAY SIEU DEP', N'CHAT LUONG CAO', CAST(1300000 AS DECIMAL(18, 0)), CAST(1800000 AS DECIMAL(18, 0)), CAST(1700000 AS DECIMAL(18,0)), CAST(N'2024-03-08' AS DATE), 1, 1, N'74E74BA3-6285-C247-B588-62E0CD12E1E3', N'046DC72B-3057-FF4D-BBF3-A865DE58B6A5', N'A890B541-D210-7A42-BFA9-BB9AB4A73F60', N'A890B541-D210-7A42-BFA9-BB9AB4A73F61', N'390ECAB5-666A-8C49-8B8C-3C894B85EA05', N'74E74BA3-6285-C247-B588-62E0CD12E1E2', N'C840D102-65E6-0847-B251-C854E12436BF'),
	   (N'8720d28f-5e84-7047-a0cd-886872b4dbc4', N'GIAY04', N'GIAY SIEU DEP', N'CHAT LUONG CAO', CAST(1400000 AS DECIMAL(18, 0)), CAST(1800000 AS DECIMAL(18, 0)), CAST(1700000 AS DECIMAL(18,0)), CAST(N'2024-04-02' AS DATE), 1, 1, N'74E74BA3-6285-C247-B588-62E0CD12E1E4', N'046DC72B-3057-FF4D-BBF3-A865DE58B6A2', N'A890B541-D210-7A42-BFA9-BB9AB4A73F61', N'A890B541-D210-7A42-BFA9-BB9AB4A73F62', N'390ECAB5-666A-8C49-8B8C-3C894B85EA02', N'74E74BA3-6285-C247-B588-62E0CD12E1E1', N'C840D102-65E6-0847-B251-C854E12436BF'),
	   (N'8720d28f-5e84-7047-a0cd-886872b4dbc5', N'GIAY05', N'GIAY SIEU DEP', N'CHAT LUONG CAO', CAST(1600000 AS DECIMAL(18, 0)), CAST(1900000 AS DECIMAL(18, 0)), CAST(1800000 AS DECIMAL(18,0)), CAST(N'2024-03-09' AS DATE), 1, 1, N'74E74BA3-6285-C247-B588-62E0CD12E1E5', N'046DC72B-3057-FF4D-BBF3-A865DE58B6A1', N'A890B541-D210-7A42-BFA9-BB9AB4A73F62', N'A890B541-D210-7A42-BFA9-BB9AB4A73F62', N'390ECAB5-666A-8C49-8B8C-3C894B85EA03', N'74E74BA3-6285-C247-B588-62E0CD12E1E2', N'C840D102-65E6-0847-B251-C854E12435BF'),
	   (N'8720d28f-5e84-7047-a0cd-886872b4dbc6', N'GIAY06', N'GIAY SIEU DEP', N'CHAT LUONG CAO', CAST(1800000 AS DECIMAL(18, 0)), CAST(1900000 AS DECIMAL(18, 0)), CAST(1800000 AS DECIMAL(18,0)), CAST(N'2024-02-06' AS DATE), 1, 1, N'74E74BA3-6285-C247-B588-62E0CD12E1E6', N'046DC72B-3057-FF4D-BBF3-A865DE58B6A3', N'A890B541-D210-7A42-BFA9-BB9AB4A73F63', N'A890B541-D210-7A42-BFA9-BB9AB4A73F60', N'390ECAB5-666A-8C49-8B8C-3C894B85EA04', N'74E74BA3-6285-C247-B588-62E0CD12E1E3', N'C840D102-65E6-0847-B251-C854E12437BF'),
	   (N'8720d28f-5e84-7047-a0cd-886872b4dbc7', N'GIAY07', N'GIAY SIEU DEP', N'CHAT LUONG CAO', CAST(1600000 AS DECIMAL(18, 0)), CAST(1800000 AS DECIMAL(18, 0)), CAST(1700000 AS DECIMAL(18,0)), CAST(N'2024-01-04' AS DATE), 1, 1, N'74E74BA3-6285-C247-B588-62E0CD12E1E7', N'046DC72B-3057-FF4D-BBF3-A865DE58B6A4', N'A890B541-D210-7A42-BFA9-BB9AB4A73F62', N'A890B541-D210-7A42-BFA9-BB9AB4A73F63', N'390ECAB5-666A-8C49-8B8C-3C894B85EA03', N'74E74BA3-6285-C247-B588-62E0CD12E1E3', N'C840D102-65E6-0847-B251-C854E12438BF'),
	   (N'8720d28f-5e84-7047-a0cd-886872b4dbc8', N'GIAY08', N'GIAY SIEU DEP', N'CHAT LUONG CAO', CAST(1300000 AS DECIMAL(18, 0)), CAST(1900000 AS DECIMAL(18, 0)), CAST(1800000 AS DECIMAL(18,0)), CAST(N'2024-03-08' AS DATE), 1, 1, N'74E74BA3-6285-C247-B588-62E0CD12E1E8', N'046DC72B-3057-FF4D-BBF3-A865DE58B6A3', N'A890B541-D210-7A42-BFA9-BB9AB4A73F63', N'A890B541-D210-7A42-BFA9-BB9AB4A73F63', N'390ECAB5-666A-8C49-8B8C-3C894B85EA04', N'74E74BA3-6285-C247-B588-62E0CD12E1E4', N'C840D102-65E6-0847-B251-C854E12437BF'),
	   (N'8720d28f-5e84-7047-a0cd-886872b4dbc9', N'GIAY09', N'GIAY SIEU DEP', N'CHAT LUONG CAO', CAST(1400000 AS DECIMAL(18, 0)), CAST(1900000 AS DECIMAL(18, 0)), CAST(1800000 AS DECIMAL(18,0)), CAST(N'2024-02-01' AS DATE), 1, 1, N'74E74BA3-6285-C247-B588-62E0CD12E1E9', N'046DC72B-3057-FF4D-BBF3-A865DE58B6A4', N'A890B541-D210-7A42-BFA9-BB9AB4A73F64', N'A890B541-D210-7A42-BFA9-BB9AB4A73F64', N'390ECAB5-666A-8C49-8B8C-3C894B85EA05', N'74E74BA3-6285-C247-B588-62E0CD12E1E4', N'C840D102-65E6-0847-B251-C854E12438BF'),
	   (N'8720d28f-5e84-7047-a0cd-886872b4eac10', N'GIAY10', N'GIAY SIEU DEP', N'CHAT LUONG CAO', CAST(1500000 AS DECIMAL(18, 0)), CAST(1800000 AS DECIMAL(18, 0)), CAST(1700000 AS DECIMAL(18,0)), CAST(N'2024-01-03' AS DATE), 1, 1, N'74E74BA3-6285-C247-B588-62E0CD13E1E1', N'046DC72B-3057-FF4D-BBF3-A865DE58B6A5', N'A890B541-D210-7A42-BFA9-BB9AB4A73F64', N'A890B541-D210-7A42-BFA9-BB9AB4A73F64', N'390ECAB5-666A-8C49-8B8C-3C894B85EA01', N'74E74BA3-6285-C247-B588-62E0CD12E1E5', N'C840D102-65E6-0847-B251-C854E12438BF')
INSERT INTO DANH_MUC (ID, MA, TEN, TRANG_THAI, ID_GIAY) VALUES (N'7e456810-1c13-a342-a811-2bc7c95c1a4d', N'DM01', N'GIAY LUOI', 1, N'8720D28F-5E84-7047-A0CD-886872B4DBC2'),
															   (N'7e456810-1c13-a342-a811-2bc7c95c1a5d', N'DM02', N'GIAY CAO CO', 0, N'8720D28F-5E84-7047-A0CD-886872B4DBC3'),
															   (N'7e456810-1c13-a342-a811-2bc7c95c1a6d', N'DM03', N'GIAY NAM', 1, N'8720D28F-5E84-7047-A0CD-886872B4DBC4'),
															   (N'7e456810-1c13-a342-a811-2bc7c95c1a7d', N'DM04', N'GIAY NU', 0, N'8720D28F-5E84-7047-A0CD-886872B4DBC5'),
															   (N'7e456810-1c13-a342-a811-2bc7c95c1a8d', N'DM05', N'GIAY TRE EM', 0, N'8720D28F-5E84-7047-A0CD-886872B4DBC6')
INSERT INTO ANH_GIAY(ID, TEN_URL, TRANG_THAI, ID_GIAY) VALUES (N'EED667DF-5DD9-45DB-A0DB-E597D88A4484', N'1.jpg', 1, N'8720D28F-5E84-7047-A0CD-886872B4DBC2'),
															  (N'EED667DF-5DD9-45DB-A0DB-E597D88A4485', N'2.jpg', 0, N'8720D28F-5E84-7047-A0CD-886872B4DBC3'),
															  (N'EED667DF-5DD9-45DB-A0DB-E597D88A4486', N'3.jpg', 1, N'8720D28F-5E84-7047-A0CD-886872B4DBC4'),
															  (N'EED667DF-5DD9-45DB-A0DB-E597D88A4487', N'4.jpg', 0, N'8720D28F-5E84-7047-A0CD-886872B4DBC5'),
															  (N'EED667DF-5DD9-45DB-A0DB-E597D88A4488', N'5.jpg', 1, N'8720D28F-5E84-7047-A0CD-886872B4DBC6'),
															  (N'EED667DF-5DD9-45DB-A0DB-E597D88A4489', N'6.jpg', 1, N'8720D28F-5E84-7047-A0CD-886872B4DBC7'),
															  (N'EED667DF-5DD9-45DB-A0DB-E597D88A4422', N'7.jpg', 0, N'8720D28F-5E84-7047-A0CD-886872B4DBC8'),
															  (N'EED667DF-5DD9-45DB-A0DB-E597D88A4433', N'8.jpg', 1, N'8720D28F-5E84-7047-A0CD-886872B4DBC9'),
															  (N'EED667DF-5DD9-45DB-A0DB-E597D88A4444', N'9.jpg', 0, N'8720D28F-5E84-7047-A0CD-886872B4EAC1'),
															  (N'EED667DF-5DD9-45DB-A0DB-E597D88A4455', N'10.jpg', 1, N'8720D28F-5E84-7047-A0CD-886872B4EAC1')
INSERT INTO KICH_CO (ID, MA, TEN, TRANG_THAI) VALUES (N'6de72fc4-57ac-4e47-b37a-a5d31d05c5e2', N'KC01', N'RAT TO', 1),
												 (N'6de72fc4-57ac-4e47-b37a-a5d31d05c5e3', N'KC02', N'TO', 0),
												 (N'6de72fc4-57ac-4e47-b37a-a5d31d05c5e4', N'KC03', N'VUA', 1),
												 (N'6de72fc4-57ac-4e47-b37a-a5d31d05c5e5', N'KC04', N'NHO', 0),
												 (N'6de72fc4-57ac-4e47-b37a-a5d31d05c5e6', N'KC05', N'RAT NHO', 0)
INSERT INTO GIAY_CHI_TIET (ID, ID_GIAY, ID_KICH_CO, SO_LUONG_TON, TRANG_THAI) VALUES (N'91a7f37b-8538-e24f-8299-a06bd6640091', N'8720D28F-5E84-7047-A0CD-886872B4DBC2', N'6DE72FC4-57AC-4E47-B37A-A5D31D05C5E2', 100, 1),
																				 (N'91a7f37b-8538-e24f-8299-a06bd6640092', N'8720D28F-5E84-7047-A0CD-886872B4EAC1', N'6DE72FC4-57AC-4E47-B37A-A5D31D05C5E3', 200, 1),
																				 (N'91a7f37b-8538-e24f-8299-a06bd6640093', N'8720D28F-5E84-7047-A0CD-886872B4DBC9', N'6DE72FC4-57AC-4E47-B37A-A5D31D05C5E4', 122, 0),
																				 (N'91a7f37b-8538-e24f-8299-a06bd6640094', N'8720D28F-5E84-7047-A0CD-886872B4DBC3', N'6DE72FC4-57AC-4E47-B37A-A5D31D05C5E5', 33, 0),
																				 (N'91a7f37b-8538-e24f-8299-a06bd6640095', N'8720D28F-5E84-7047-A0CD-886872B4DBC8', N'6DE72FC4-57AC-4E47-B37A-A5D31D05C5E6', 45, 1),
																				 (N'91a7f37b-8538-e24f-8299-a06bd6640096', N'8720D28F-5E84-7047-A0CD-886872B4DBC4', N'6DE72FC4-57AC-4E47-B37A-A5D31D05C5E4', 76, 0),
																				 (N'91a7f37b-8538-e24f-8299-a06bd6640097', N'8720D28F-5E84-7047-A0CD-886872B4DBC7', N'6DE72FC4-57AC-4E47-B37A-A5D31D05C5E5', 28, 1),
																				 (N'91a7f37b-8538-e24f-8299-a06bd6640098', N'8720D28F-5E84-7047-A0CD-886872B4DBC5', N'6DE72FC4-57AC-4E47-B37A-A5D31D05C5E6', 77, 0),
																				 (N'91a7f37b-8538-e24f-8299-a06bd6640099', N'8720D28F-5E84-7047-A0CD-886872B4DBC6', N'6DE72FC4-57AC-4E47-B37A-A5D31D05C5E2', 66, 1)
INSERT INTO CHUC_VU (ID, MA, TEN, TRANG_THAI) VALUES (N'e019f672-cb29-9b40-b7d5-3a6fe9952b42', N'QL01', N'QUAN LY', 1),
													 (N'e019f672-cb29-9b40-b7d5-3a6fe9952b43', N'NV02', N'NHAN VIEN', 0)
INSERT INTO NHAN_VIEN (ID, MA, ANH, HO_TEN, NGAY_SINH, DIA_CHI, XA, HUYEN, THANH_PHO, SO_DIEN_THOAI, EMAIL, MAT_KHAU, NGAY_VAO_LAM, NGAY_NGHI_VIEC, TRANG_THAI, ID_CHUC_VU) VALUES (N'07174de2-01cb-374e-9804-3c0eaaa3df52', N'NV01', N'1.jpg', N'HOANG TRUNG KIEN', N'2000-06-06', N'LANG SON', N'LOC BINH', N'LOC BINH', N'LANG SON', N'0347780743', N'KIEN@GMAIL.COM', N'123456', CAST(N'2022-06-05' AS DATE), CAST(N'2024-03-03' AS DATE), 1, N'E019F672-CB29-9B40-B7D5-3A6FE9952B42'),
																																												   (N'07174de2-01cb-374e-9804-3c0eaaa3df53', N'NV02', N'2.jpg', N'LA PHONG THIEN', N'2002-06-06', N'LANG SON', N'LOC BINH', N'LOC BINH', N'LANG SON', N'0347780743', N'THIEN@GMAIL.COM', N'123456', CAST(N'2022-06-05' AS DATE), CAST(N'2024-03-03' AS DATE), 0, N'E019F672-CB29-9B40-B7D5-3A6FE9952B43')
INSERT INTO CHUONG_TRINH_GIAM_GIA_SAN_PHAM (ID, MA, TEN, PHAN_TRAM_GIAM, NGAY_BAT_DAU, NGAY_KET_THUC, TRANG_THAI, ID_NHAN_VIEN_CREATE, ID_NHAN_VIEN_UPDATE) VALUES (N'de75597c-6929-7240-ab82-462cd8570c52', N'CTGGSP02', N'GIAM 10%', 10, CAST(N'2024-06-05' AS DATE), CAST(N'2024-06-06' AS DATE), 1, N'07174DE2-01CB-374E-9804-3C0EAAA3DF52', N'07174DE2-01CB-374E-9804-3C0EAAA3DF53'),
																																									(N'de75597c-6929-7240-ab82-462cd8570c53', N'CTGGSP03', N'GIAM 10%', 10, CAST(N'2024-06-05' AS DATE), CAST(N'2024-06-06' AS DATE), 1, N'07174DE2-01CB-374E-9804-3C0EAAA3DF52', N'07174DE2-01CB-374E-9804-3C0EAAA3DF53'),
																																									(N'de75597c-6929-7240-ab82-462cd8570c54', N'CTGGSP04', N'GIAM 10%', 10, CAST(N'2024-06-05' AS DATE), CAST(N'2024-06-06' AS DATE), 1, N'07174DE2-01CB-374E-9804-3C0EAAA3DF52', N'07174DE2-01CB-374E-9804-3C0EAAA3DF53'),
																																									(N'de75597c-6929-7240-ab82-462cd8570c55', N'CTGGSP05', N'GIAM 10%', 10, CAST(N'2024-06-05' AS DATE), CAST(N'2024-06-06' AS DATE), 1, N'07174DE2-01CB-374E-9804-3C0EAAA3DF52', N'07174DE2-01CB-374E-9804-3C0EAAA3DF53'),
																																									(N'de75597c-6929-7240-ab82-462cd8570c56', N'CTGGSP06', N'GIAM 10%', 10, CAST(N'2024-06-05' AS DATE), CAST(N'2024-06-06' AS DATE), 1, N'07174DE2-01CB-374E-9804-3C0EAAA3DF52', N'07174DE2-01CB-374E-9804-3C0EAAA3DF53'),
																																									(N'de75597c-6929-7240-ab82-462cd8570c57', N'CTGGSP07', N'GIAM 10%', 10, CAST(N'2024-06-05' AS DATE), CAST(N'2024-06-06' AS DATE), 1, N'07174DE2-01CB-374E-9804-3C0EAAA3DF52', N'07174DE2-01CB-374E-9804-3C0EAAA3DF53'),
																																									(N'de75597c-6929-7240-ab82-462cd8570c58', N'CTGGSP08', N'GIAM 10%', 10, CAST(N'2024-06-05' AS DATE), CAST(N'2024-06-06' AS DATE), 1, N'07174DE2-01CB-374E-9804-3C0EAAA3DF52', N'07174DE2-01CB-374E-9804-3C0EAAA3DF53'),
																																									(N'de75597c-6929-7240-ab82-462cd8570c59', N'CTGGSP09', N'GIAM 10%', 10, CAST(N'2024-06-05' AS DATE), CAST(N'2024-06-06' AS DATE), 1, N'07174DE2-01CB-374E-9804-3C0EAAA3DF52', N'07174DE2-01CB-374E-9804-3C0EAAA3DF53'),
																																									(N'de75597c-6929-7240-ab82-462cd8570c39', N'CTGGSP10', N'GIAM 10%', 10, CAST(N'2024-06-05' AS DATE), CAST(N'2024-06-06' AS DATE), 1, N'07174DE2-01CB-374E-9804-3C0EAAA3DF52', N'07174DE2-01CB-374E-9804-3C0EAAA3DF53')
INSERT INTO CHUONG_TRINH_GIAM_GIA_CHI_TIET_SAN_PHAM (ID, SO_TIEN_DA_GIAM, TRANG_THAI, ID_GIAY, ID_CHUONG_TRINH_GIAM_GIA_SAN_PHAM) VALUES (N'd4fe4b19-afbe-724e-a3c6-491de6663dd1', CAST(525000 AS DECIMAL(18, 0)), 1, N'8720D28F-5E84-7047-A0CD-886872B4DBC2', N'DE75597C-6929-7240-AB82-462CD8570C39'),
																																	 (N'd4fe4b19-afbe-724e-a3c6-491de6663dd2', CAST(600000 AS DECIMAL(18, 0)), 1, N'8720D28F-5E84-7047-A0CD-886872B4DBC3', N'DE75597C-6929-7240-AB82-462CD8570C52'),
																																	 (N'd4fe4b19-afbe-724e-a3c6-491de6663dd3', CAST(600000 AS DECIMAL(18, 0)), 1, N'8720D28F-5E84-7047-A0CD-886872B4DBC4', N'DE75597C-6929-7240-AB82-462CD8570C53'),
																																	 (N'd4fe4b19-afbe-724e-a3c6-491de6663dd4', CAST(600000 AS DECIMAL(18, 0)), 1, N'8720D28F-5E84-7047-A0CD-886872B4DBC5', N'DE75597C-6929-7240-AB82-462CD8570C54'),
																																	 (N'd4fe4b19-afbe-724e-a3c6-491de6663dd5', CAST(600000 AS DECIMAL(18, 0)), 1, N'8720D28F-5E84-7047-A0CD-886872B4DBC6', N'DE75597C-6929-7240-AB82-462CD8570C55'),
																																	 (N'd4fe4b19-afbe-724e-a3c6-491de6663dd6', CAST(600000 AS DECIMAL(18, 0)), 1, N'8720D28F-5E84-7047-A0CD-886872B4DBC7', N'DE75597C-6929-7240-AB82-462CD8570C56'),
																																	 (N'd4fe4b19-afbe-724e-a3c6-491de6663dd7', CAST(600000 AS DECIMAL(18, 0)), 1, N'8720D28F-5E84-7047-A0CD-886872B4DBC8', N'DE75597C-6929-7240-AB82-462CD8570C57'),
																																	 (N'd4fe4b19-afbe-724e-a3c6-491de6663dd8', CAST(600000 AS DECIMAL(18, 0)), 1, N'8720D28F-5E84-7047-A0CD-886872B4DBC9', N'DE75597C-6929-7240-AB82-462CD8570C58'),
																																	 (N'd4fe4b19-afbe-724e-a3c6-491de6663dd9', CAST(600000 AS DECIMAL(18, 0)), 1, N'8720D28F-5E84-7047-A0CD-886872B4EAC1', N'DE75597C-6929-7240-AB82-462CD8570C59')
INSERT INTO HANG_KHACH_HANG (ID, MA, TEN, DIEU_KIEN, TRANG_THAI) VALUES (N'd2c428c7-d6bc-4746-bd39-4df01d40b451', N'HKH01', N'HANG 1', 100000, 1),
																		(N'd2c428c7-d6bc-4746-bd39-4df01d40b452', N'HKH02', N'HANG 2', 200000, 0),
																		(N'd2c428c7-d6bc-4746-bd39-4df01d40b453', N'HKH03', N'HANG 3', 300000, 1),
																		(N'd2c428c7-d6bc-4746-bd39-4df01d40b454', N'HKH04', N'HANG 4', 400000, 1),
																		(N'd2c428c7-d6bc-4746-bd39-4df01d40b455', N'HKH05', N'HANG 5', 500000, 0),
																		(N'd2c428c7-d6bc-4746-bd39-4df01d40b456', N'HKH06', N'HANG 6', 600000, 1),
																		(N'd2c428c7-d6bc-4746-bd39-4df01d40b457', N'HKH07', N'HANG 7', 700000, 1),
																		(N'd2c428c7-d6bc-4746-bd39-4df01d40b458', N'HKH08', N'HANG 8', 800000, 0),
																		(N'd2c428c7-d6bc-4746-bd39-4df01d40b459', N'HKH09', N'HANG 9', 900000, 1),
																		(N'd2c428c7-d6bc-4746-bd39-4df01d40b450', N'HKH10', N'HANG 10',1100000, 1)
INSERT INTO KHACH_HANG (ID, MA, ANH, HO_TEN, NGAY_SINH, SO_DIEN_THOAI, EMAIL, MAT_KHAU, TRANG_THAI, ID_HANG_KHACH_HANG) VALUES (N'8273080d-ffa8-5445-851d-54ff2410db11', N'KH01', N'1.jpg', N'HOANG TRUNG KIEN', CAST(N'2000-06-06' AS DATE), N'0347780743', N'KIEN@GMAIL.COM', N'123456', 1, N'D2C428C7-D6BC-4746-BD39-4DF01D40B450'),
																															   (N'8273080d-ffa8-5445-851d-54ff2410db12', N'KH02', N'2.jpg', N'LA PHONG THIEN', CAST(N'2000-06-06' AS DATE), N'0347780743', N'THIEN@GMAIL.COM', N'123456', 0, N'D2C428C7-D6BC-4746-BD39-4DF01D40B451'),
																															   (N'8273080d-ffa8-5445-851d-54ff2410db13', N'KH03', N'3.jpg', N'LA QUOC BIEU', CAST(N'2000-06-06' AS DATE), N'0347780743', N'BIEU@GMAIL.COM', N'123456', 1, N'D2C428C7-D6BC-4746-BD39-4DF01D40B452'),
																															   (N'8273080d-ffa8-5445-851d-54ff2410db14', N'KH04', N'4.jpg', N'NGUYEN QUANG TRUONG', CAST(N'2000-06-06' AS DATE), N'0347780743', N'TRUONG@GMAIL.COM', N'123456', 1, N'D2C428C7-D6BC-4746-BD39-4DF01D40B453'),
																															   (N'8273080d-ffa8-5445-851d-54ff2410db15', N'KH05', N'5.jpg', N'BUI BAO CHUNG', CAST(N'2000-06-06' AS DATE), N'0347780743', N'CHUNG@GMAIL.COM', N'123456', 1, N'D2C428C7-D6BC-4746-BD39-4DF01D40B454'),
																															   (N'8273080d-ffa8-5445-851d-54ff2410db16', N'KH06', N'6.jpg', N'NGUYEN THI LAN', CAST(N'2000-06-06' AS DATE), N'0347780743', N'LAN@GMAIL.COM', N'123456', 0, N'D2C428C7-D6BC-4746-BD39-4DF01D40B455'),
																															   (N'8273080d-ffa8-5445-851d-54ff2410db17', N'KH07', N'7.jpg', N'HOANG VAN HIEP', CAST(N'2000-06-06' AS DATE), N'0347780743', N'HIEP@GMAIL.COM', N'123456', 1, N'D2C428C7-D6BC-4746-BD39-4DF01D40B456'), 
																															   (N'8273080d-ffa8-5445-851d-54ff2410db18', N'KH08', N'8.jpg', N'LE QUOC ANH', CAST(N'2000-06-06' AS DATE), N'0347780743', N'ANH@GMAIL.COM', N'123456', 0, N'D2C428C7-D6BC-4746-BD39-4DF01D40B457'),
																															   (N'8273080d-ffa8-5445-851d-54ff2410db19', N'KH09', N'9.jpg', N'MA THUY LIEN', CAST(N'2000-06-06' AS DATE), N'0347780743', N'LIEN@GMAIL.COM', N'123456', 1, N'D2C428C7-D6BC-4746-BD39-4DF01D40B458'),
																															   (N'8273080d-ffa8-5445-851d-54ff2410db10', N'KH10', N'10.jpg', N'TA MINH THU', CAST(N'2000-06-06' AS DATE), N'0347780743', N'THU@GMAIL.COM', N'123456', 1, N'D2C428C7-D6BC-4746-BD39-4DF01D40B459')
INSERT INTO Y_KIEN_DONG_GOP (ID, MA, TEN_NGUOI_DUNG, SO_DIEN_THOAI, EMAIL, NOI_DUNG, TRANG_THAI, ID_KHACH_HANG) VALUES (N'e3b59d17-c1bf-8f41-948b-570be5259af0', N'YKDG01', N'NSO01', N'0345678910', N'NSO01@GMAIL.COM', N'KHONG CO NOI DUNG', 1, N'8273080D-FFA8-5445-851D-54FF2410DB10'),
																													  (N'e3b59d17-c1bf-8f41-948b-570be5259af1', N'YKDG02', N'NSO02', N'0345678910', N'NSO02@GMAIL.COM', N'KHONG CO NOI DUNG', 0, N'8273080D-FFA8-5445-851D-54FF2410DB11'),
																													  (N'e3b59d17-c1bf-8f41-948b-570be5259af2', N'YKDG03', N'NSO03', N'0345678910', N'NSO03@GMAIL.COM', N'KHONG CO NOI DUNG', 1, N'8273080D-FFA8-5445-851D-54FF2410DB12'),
																													  (N'e3b59d17-c1bf-8f41-948b-570be5259af3', N'YKDG04', N'NSO04', N'0345678910', N'NSO04@GMAIL.COM', N'KHONG CO NOI DUNG', 1, N'8273080D-FFA8-5445-851D-54FF2410DB13'),
																													  (N'e3b59d17-c1bf-8f41-948b-570be5259af4', N'YKDG05', N'NSO05', N'0345678910', N'NSO05@GMAIL.COM', N'KHONG CO NOI DUNG', 1, N'8273080D-FFA8-5445-851D-54FF2410DB14'), 
																													  (N'e3b59d17-c1bf-8f41-948b-570be5259af5', N'YKDG06', N'NSO06', N'0345678910', N'NSO06@GMAIL.COM', N'KHONG CO NOI DUNG', 0, N'8273080D-FFA8-5445-851D-54FF2410DB15'),
																													  (N'e3b59d17-c1bf-8f41-948b-570be5259af6', N'YKDG07', N'NSO07', N'0345678910', N'NSO07@GMAIL.COM', N'KHONG CO NOI DUNG', 1, N'8273080D-FFA8-5445-851D-54FF2410DB16'),
																													  (N'e3b59d17-c1bf-8f41-948b-570be5259af7', N'YKDG08', N'NSO08', N'0345678910', N'NSO08@GMAIL.COM', N'KHONG CO NOI DUNG', 0, N'8273080D-FFA8-5445-851D-54FF2410DB17'),
																													  (N'e3b59d17-c1bf-8f41-948b-570be5259af8', N'YKDG09', N'NSO09', N'0345678910', N'NSO09@GMAIL.COM', N'KHONG CO NOI DUNG', 1, N'8273080D-FFA8-5445-851D-54FF2410DB18'),
																													  (N'e3b59d17-c1bf-8f41-948b-570be5259af9', N'YKDG10', N'NSO`0', N'0345678910', N'NSO10@GMAIL.COM', N'KHONG CO NOI DUNG', 1, N'8273080D-FFA8-5445-851D-54FF2410DB19')

INSERT INTO VI_DIEM (ID, TONG_DIEM, SO_DIEM_DA_DUNG, SO_DIEM_DA_CONG, TRANG_THAI, ID_KHACH_HANG) VALUES (N'1164cb3c-624d-2a4e-aa03-5a6ce983eb1a', 1000, 100, 50, 1, N'8273080D-FFA8-5445-851D-54FF2410DB10'),
																										(N'1164cb3c-624d-2a4e-aa03-5a6ce983eb2a', 1000, 100, 50, 1, N'8273080D-FFA8-5445-851D-54FF2410DB11'),
																										(N'1164cb3c-624d-2a4e-aa03-5a6ce983eb3a', 1000, 100, 50, 1, N'8273080D-FFA8-5445-851D-54FF2410DB12'),
																										(N'1164cb3c-624d-2a4e-aa03-5a6ce983eb4a', 1000, 100, 50, 1, N'8273080D-FFA8-5445-851D-54FF2410DB13'),
																										(N'1164cb3c-624d-2a4e-aa03-5a6ce983eb5a', 1000, 100, 50, 1, N'8273080D-FFA8-5445-851D-54FF2410DB14'),
																										(N'1164cb3c-624d-2a4e-aa03-5a6ce983eb6a', 1000, 100, 50, 1, N'8273080D-FFA8-5445-851D-54FF2410DB15'),
																										(N'1164cb3c-624d-2a4e-aa03-5a6ce983eb7a', 1000, 100, 50, 1, N'8273080D-FFA8-5445-851D-54FF2410DB16'),
																										(N'1164cb3c-624d-2a4e-aa03-5a6ce983eb8a', 1000, 100, 50, 1, N'8273080D-FFA8-5445-851D-54FF2410DB17'),
																										(N'1164cb3c-624d-2a4e-aa03-5a6ce983eb9a', 1000, 100, 50, 1, N'8273080D-FFA8-5445-851D-54FF2410DB18'),
																										(N'1164cb3c-624d-2a4e-aa03-5a6ce982eb9a', 1000, 100, 50, 1, N'8273080D-FFA8-5445-851D-54FF2410DB19')
INSERT INTO QUY_DOI_DIEM (ID, SO_TIEN_TUONG_UNG, SO_DIEM_TUONG_UNG, TRANG_THAI) VALUES (N'1de45e46-e213-6146-92fd-5ffd07a59881', 1000000, 100, 1),
																						(N'1de45e46-e213-6146-92fd-5ffd07a59882', 2000000, 200, 1),
																						(N'1de45e46-e213-6146-92fd-5ffd07a59883', 3000000, 300, 0),
																						(N'1de45e46-e213-6146-92fd-5ffd07a59884', 4000000, 400, 1),
																						(N'1de45e46-e213-6146-92fd-5ffd07a59885', 5000000, 500, 1),
																						(N'1de45e46-e213-6146-92fd-5ffd07a59886', 6000000, 600, 0),
																						(N'1de45e46-e213-6146-92fd-5ffd07a59887', 7000000, 700, 1),
																						(N'1de45e46-e213-6146-92fd-5ffd07a59888', 8000000, 800, 0),
																						(N'1de45e46-e213-6146-92fd-5ffd07a59889', 9000000, 900, 1)
INSERT INTO DANH_GIA (ID, SAO, TEN_NGUOI_DANH_GIA, NOI_DUNG, TRANG_THAI, ID_GIAY) VALUES (N'30a1ca32-3fe3-834a-ae61-69f99e961221', 5, N'NSO01', N'DANH GIA 5 SAO', 1, N'8720D28F-5E84-7047-A0CD-886872B4EAC1'),
																						(N'30a1ca32-3fe3-834a-ae61-69f99e961222', 4, N'NSO02', N'DANH GIA 4 SAO', 1, N'8720D28F-5E84-7047-A0CD-886872B4DBC2'),
																						(N'30a1ca32-3fe3-834a-ae61-69f99e961223', 5, N'NSO03', N'DANH GIA 5 SAO', 0, N'8720D28F-5E84-7047-A0CD-886872B4DBC3'),
																						(N'30a1ca32-3fe3-834a-ae61-69f99e961224', 3, N'NSO04', N'DANH GIA 3 SAO', 1, N'8720D28F-5E84-7047-A0CD-886872B4DBC4'),
																						(N'30a1ca32-3fe3-834a-ae61-69f99e961225', 5, N'NSO05', N'DANH GIA 5 SAO', 1, N'8720D28F-5E84-7047-A0CD-886872B4DBC5'),
																						(N'30a1ca32-3fe3-834a-ae61-69f99e961226', 2, N'NSO06', N'DANH GIA 2 SAO', 0, N'8720D28F-5E84-7047-A0CD-886872B4DBC6'),
																						(N'30a1ca32-3fe3-834a-ae61-69f99e961227', 1, N'NSO07', N'DANH GIA 1 SAO', 0, N'8720D28F-5E84-7047-A0CD-886872B4DBC7'),
																						(N'30a1ca32-3fe3-834a-ae61-69f99e961228', 5, N'NSO08', N'DANH GIA 5 SAO', 1, N'8720D28F-5E84-7047-A0CD-886872B4DBC8'),
																						(N'30a1ca32-3fe3-834a-ae61-69f99e961229', 5, N'NSO09', N'DANH GIA 5 SAO', 1, N'8720D28F-5E84-7047-A0CD-886872B4DBC9')
INSERT INTO DIA_CHI (ID, MA, TEN_DIA_CHI, TEN_NGUOI_NHAN, SO_DIEN_THOAI_NGUOI_NHAN, XA, HUYEN, THANH_PHO, TRANG_THAI, ID_KHACH_HANG) VALUES (N'f3a515cf-4385-b94c-ac3a-7676511f38e1', N'DC01', N'SO 29 NGO 57', N'TRUONG', N'0399985099', N'MY DINH', N'NAM TU LIEM', N'HA NOI', 1,  N'8273080D-FFA8-5445-851D-54FF2410DB10'),
																																	(N'f3a515cf-4385-b94c-ac3a-7676511f38e2', N'DC02', N'SO 19 NGO 57', N'NGOC', N'0399985092', N'MY DINH', N'NAM TU LIEM', N'HA NOI', 1,  N'8273080D-FFA8-5445-851D-54FF2410DB11'),
																																	(N'f3a515cf-4385-b94c-ac3a-7676511f38e3', N'DC03', N'SO 39 NGO 57', N'CHUNG', N'0399985093', N'MY DINH', N'NAM TU LIEM', N'HA NOI', 0,  N'8273080D-FFA8-5445-851D-54FF2410DB12'),
																																	(N'f3a515cf-4385-b94c-ac3a-7676511f38e4', N'DC04', N'SO 49 NGO 57', N'THIEN', N'0399985094', N'MY DINH', N'NAM TU LIEM', N'HA NOI', 1,  N'8273080D-FFA8-5445-851D-54FF2410DB13'),
																																	(N'f3a515cf-4385-b94c-ac3a-7676511f38e5', N'DC05', N'SO 59 NGO 57', N'VIET', N'0399985095', N'MY DINH', N'NAM TU LIEM', N'HA NOI', 0,  N'8273080D-FFA8-5445-851D-54FF2410DB14'),
																																	(N'f3a515cf-4385-b94c-ac3a-7676511f38e6', N'DC06', N'SO 69 NGO 57', N'KIEN', N'0399985096', N'MY DINH', N'NAM TU LIEM', N'HA NOI', 1,  N'8273080D-FFA8-5445-851D-54FF2410DB15'),
																																	(N'f3a515cf-4385-b94c-ac3a-7676511f38e7', N'DC07', N'SO 79 NGO 57', N'LONG', N'0399985097', N'MY DINH', N'NAM TU LIEM', N'HA NOI', 0,  N'8273080D-FFA8-5445-851D-54FF2410DB16'),
																																	(N'f3a515cf-4385-b94c-ac3a-7676511f38e8', N'DC08', N'SO 89 NGO 57', N'HOANG', N'0399985098', N'MY DINH', N'NAM TU LIEM', N'HA NOI', 1,  N'8273080D-FFA8-5445-851D-54FF2410DB17'),
																																	(N'f3a515cf-4385-b94c-ac3a-7676511f38e9', N'DC09', N'SO 99 NGO 57', N'THINH', N'0399985099', N'MY DINH', N'NAM TU LIEM', N'HA NOI', 1,  N'8273080D-FFA8-5445-851D-54FF2410DB18')
INSERT INTO GIO_HANG (ID, MA, NGAY_TAO, NGAY_CAP_NHAT, GHI_CHU, TRANG_THAI, ID_KHACH_HANG) VALUES (N'1672a7b0-62b5-a54e-91db-78fef925f750', N'GH01', CAST(N'2024-05-05' AS DATE), CAST(N'2024-08-08' AS DATE), N'HANG HOA OK', 1, N'8273080D-FFA8-5445-851D-54FF2410DB10'),
																									(N'1672a7b0-62b5-a54e-91db-78fef925f751', N'GH02', CAST(N'2024-05-05' AS DATE), CAST(N'2024-08-08' AS DATE), N'HANG HOA OK', 1, N'8273080D-FFA8-5445-851D-54FF2410DB11'),
																									(N'1672a7b0-62b5-a54e-91db-78fef925f752', N'GH03', CAST(N'2024-05-05' AS DATE), CAST(N'2024-08-08' AS DATE), N'HANG HOA OK', 1, N'8273080D-FFA8-5445-851D-54FF2410DB12'),
																									(N'1672a7b0-62b5-a54e-91db-78fef925f753', N'GH04', CAST(N'2024-05-05' AS DATE), CAST(N'2024-08-08' AS DATE), N'HANG HOA K OK', 0, N'8273080D-FFA8-5445-851D-54FF2410DB13'),
																									(N'1672a7b0-62b5-a54e-91db-78fef925f754', N'GH05', CAST(N'2024-05-05' AS DATE), CAST(N'2024-08-08' AS DATE), N'HANG HOA OK', 1, N'8273080D-FFA8-5445-851D-54FF2410DB14'),
																									(N'1672a7b0-62b5-a54e-91db-78fef925f755', N'GH06', CAST(N'2024-05-05' AS DATE), CAST(N'2024-08-08' AS DATE), N'HANG HOA OK', 1, N'8273080D-FFA8-5445-851D-54FF2410DB15'),
																									(N'1672a7b0-62b5-a54e-91db-78fef925f756', N'GH07', CAST(N'2024-05-05' AS DATE), CAST(N'2024-08-08' AS DATE), N'HANG HOA K OK', 0, N'8273080D-FFA8-5445-851D-54FF2410DB16'),
																									(N'1672a7b0-62b5-a54e-91db-78fef925f757', N'GH08', CAST(N'2024-05-05' AS DATE), CAST(N'2024-08-08' AS DATE), N'HANG HOA OK', 1, N'8273080D-FFA8-5445-851D-54FF2410DB17'),
																									(N'1672a7b0-62b5-a54e-91db-78fef925f758', N'GH09', CAST(N'2024-05-05' AS DATE), CAST(N'2024-08-08' AS DATE), N'HANG HOA K OK', 0, N'8273080D-FFA8-5445-851D-54FF2410DB18'),
																									(N'1672a7b0-62b5-a54e-91db-78fef925f759', N'GH10', CAST(N'2024-05-05' AS DATE), CAST(N'2024-08-08' AS DATE), N'HANG HOA OK', 1, N'8273080D-FFA8-5445-851D-54FF2410DB19')
INSERT INTO GIO_HANG_CHI_TIET (ID, SO_LUONG, GHI_CHU, TRANG_THAI, ID_GIO_HANG, ID_GIAY_CHI_TIET) VALUES (N'9c5a7d02-201f-b548-b50b-7ed78593f051', 10, N'HANG DA', 1, N'1672A7B0-62B5-A54E-91DB-78FEF925F750', N'91A7F37B-8538-E24F-8299-A06BD6640091'), 
																										(N'9c5a7d02-201f-b548-b50b-7ed78593f052', 10, N'HANG DA', 1, N'1672A7B0-62B5-A54E-91DB-78FEF925F751', N'91A7F37B-8538-E24F-8299-A06BD6640092'), 
																										(N'9c5a7d02-201f-b548-b50b-7ed78593f053', 10, N'HANG DA', 1, N'1672A7B0-62B5-A54E-91DB-78FEF925F752', N'91A7F37B-8538-E24F-8299-A06BD6640093'), 
																										(N'9c5a7d02-201f-b548-b50b-7ed78593f054', 10, N'HANG DA', 1, N'1672A7B0-62B5-A54E-91DB-78FEF925F753', N'91A7F37B-8538-E24F-8299-A06BD6640094'), 
																										(N'9c5a7d02-201f-b548-b50b-7ed78593f055', 10, N'HANG DA', 1, N'1672A7B0-62B5-A54E-91DB-78FEF925F754', N'91A7F37B-8538-E24F-8299-A06BD6640095'), 
																										(N'9c5a7d02-201f-b548-b50b-7ed78593f056', 10, N'HANG DA', 1, N'1672A7B0-62B5-A54E-91DB-78FEF925F755', N'91A7F37B-8538-E24F-8299-A06BD6640096'), 
																										(N'9c5a7d02-201f-b548-b50b-7ed78593f057', 10, N'HANG DA', 1, N'1672A7B0-62B5-A54E-91DB-78FEF925F756', N'91A7F37B-8538-E24F-8299-A06BD6640097'), 
																										(N'9c5a7d02-201f-b548-b50b-7ed78593f058', 10, N'HANG DA', 1, N'1672A7B0-62B5-A54E-91DB-78FEF925F757', N'91A7F37B-8538-E24F-8299-A06BD6640098'), 
																										(N'9c5a7d02-201f-b548-b50b-7ed78593f059', 10, N'HANG DA', 1, N'1672A7B0-62B5-A54E-91DB-78FEF925F758', N'91A7F37B-8538-E24F-8299-A06BD6640099')
INSERT INTO HOA_DON (ID, MA, NGAY_TAO, NGAY_THANH_TOAN, MO_TA, TEN_NGUOI_NHAN, SO_DIEN_THOAI_NGUOI_NHAN, DIA_CHI, TONG_TIEN, HINH_THUC_MUA, HINH_THUC_THANH_TOAN, HINH_THUC_NHAN_HANG, SO_TIEN_GIAM, PHI_SHIP, SO_DIEM_SU_DUNG, SO_TIEN_QUY_DOI, TRANG_THAI, ID_NHAN_VIEN, ID_KHACH_HANG)
VALUES (N'a4f069f9-4938-9f4c-95e8-8e98a297bb1c', N'HD01', CAST(N'2024-05-05' AS DATE), CAST(N'2024-05-06' AS DATE), N'KHONG', N'NOS01', N'0399850999', N'BAC GIANG', 1000000, 1, 1, 1, 100000, 20000, 10, 10000, 1, N'07174DE2-01CB-374E-9804-3C0EAAA3DF52', N'8273080D-FFA8-5445-851D-54FF2410DB10'),
		(N'a4f069f9-4938-9f4c-95e8-8e98a297bb2c', N'HD02', CAST(N'2024-05-05' AS DATE), CAST(N'2024-05-06' AS DATE), N'KHONG', N'NOS02', N'0399850999', N'BAC GIANG', 1000000, 1, 1, 1, 100000, 20000, 10, 10000, 1, N'07174DE2-01CB-374E-9804-3C0EAAA3DF53', N'8273080D-FFA8-5445-851D-54FF2410DB11'),
		(N'a4f069f9-4938-9f4c-95e8-8e98a297bb3c', N'HD03', CAST(N'2024-05-05' AS DATE), CAST(N'2024-05-06' AS DATE), N'KHONG', N'NOS03', N'0399850999', N'LANG SON', 1000000, 1, 1, 1, 100000, 20000, 10, 10000, 1, N'07174DE2-01CB-374E-9804-3C0EAAA3DF52', N'8273080D-FFA8-5445-851D-54FF2410DB12'),
		(N'a4f069f9-4938-9f4c-95e8-8e98a297bb5c', N'HD05', CAST(N'2024-05-05' AS DATE), CAST(N'2024-05-06' AS DATE), N'KHONG', N'NOS05', N'0399850999', N'HA NOI', 1000000, 1, 1, 1, 100000, 20000, 10, 10000, 1, N'07174DE2-01CB-374E-9804-3C0EAAA3DF52', N'8273080D-FFA8-5445-851D-54FF2410DB14'),
		(N'a4f069f9-4938-9f4c-95e8-8e98a297bb6c', N'HD06', CAST(N'2024-05-05' AS DATE), CAST(N'2024-05-06' AS DATE), N'KHONG', N'NOS06', N'0399850999', N'NINH BINH', 1000000, 1, 1, 1, 100000, 20000, 10, 10000, 1, N'07174DE2-01CB-374E-9804-3C0EAAA3DF53', N'8273080D-FFA8-5445-851D-54FF2410DB15'),
		(N'a4f069f9-4938-9f4c-95e8-8e98a297bb7c', N'HD07', CAST(N'2024-05-05' AS DATE), CAST(N'2024-05-06' AS DATE), N'KHONG', N'NOS07', N'0399850999', N'THAI BINH', 1000000, 1, 1, 1, 100000, 20000, 10, 10000, 1, N'07174DE2-01CB-374E-9804-3C0EAAA3DF53', N'8273080D-FFA8-5445-851D-54FF2410DB16'),
		(N'a4f069f9-4938-9f4c-95e8-8e98a297bb8c', N'HD08', CAST(N'2024-05-05' AS DATE), CAST(N'2024-05-06' AS DATE), N'KHONG', N'NOS08', N'0399850999', N'HUNG YEN', 1000000, 1, 1, 1, 100000, 20000, 10, 10000, 1, N'07174DE2-01CB-374E-9804-3C0EAAA3DF53', N'8273080D-FFA8-5445-851D-54FF2410DB17'),
		(N'a4f069f9-4938-9f4c-95e8-8e98a297bb9c', N'HD09', CAST(N'2024-05-05' AS DATE), CAST(N'2024-05-06' AS DATE), N'KHONG', N'NOS09', N'0399850999', N'CA MAU', 1000000, 1, 1, 1, 100000, 20000, 10, 10000, 1, N'07174DE2-01CB-374E-9804-3C0EAAA3DF52', N'8273080D-FFA8-5445-851D-54FF2410DB18')
INSERT INTO HOA_DON_CHI_TIET (ID, SO_LUONG, GIA_NHAP, DON_GIA, TRANG_THAI, ID_HOA_DON, ID_GIAY_CHI_TIET) VALUES (N'898ea3c0-16e3-c64f-a1af-96a1d06891f1', 10, 10000, 100000, 1, N'A4F069F9-4938-9F4C-95E8-8E98A297BB1C', N'91A7F37B-8538-E24F-8299-A06BD6640091'),
																												(N'898ea3c0-16e3-c64f-a1af-96a1d06891f2', 10, 10000, 100000, 1, N'A4F069F9-4938-9F4C-95E8-8E98A297BB2C', N'91A7F37B-8538-E24F-8299-A06BD6640092'),
																												(N'898ea3c0-16e3-c64f-a1af-96a1d06891f3', 10, 10000, 100000, 1, N'A4F069F9-4938-9F4C-95E8-8E98A297BB3C', N'91A7F37B-8538-E24F-8299-A06BD6640093'),
																												(N'898ea3c0-16e3-c64f-a1af-96a1d06891f5', 10, 10000, 100000, 1, N'A4F069F9-4938-9F4C-95E8-8E98A297BB5C', N'91A7F37B-8538-E24F-8299-A06BD6640095'),
																												(N'898ea3c0-16e3-c64f-a1af-96a1d06891f6', 10, 10000, 100000, 1, N'A4F069F9-4938-9F4C-95E8-8E98A297BB6C', N'91A7F37B-8538-E24F-8299-A06BD6640096'),
																												(N'898ea3c0-16e3-c64f-a1af-96a1d06891f7', 10, 10000, 100000, 1, N'A4F069F9-4938-9F4C-95E8-8E98A297BB7C', N'91A7F37B-8538-E24F-8299-A06BD6640097'),
																												(N'898ea3c0-16e3-c64f-a1af-96a1d06891f8', 10, 10000, 100000, 1, N'A4F069F9-4938-9F4C-95E8-8E98A297BB8C', N'91A7F37B-8538-E24F-8299-A06BD6640098'),
																												(N'898ea3c0-16e3-c64f-a1af-96a1d06891f9', 10, 10000, 100000, 1, N'A4F069F9-4938-9F4C-95E8-8E98A297BB9C', N'91A7F37B-8538-E24F-8299-A06BD6640099')
INSERT INTO LICH_SU_TICH_DIEM (ID, SO_DIEM_DA_DUNG, NGAY_SU_DUNG, SO_DIEM_CONG, TRANG_THAI, ID_VI_DIEM, ID_HOA_DON, ID_QUY_DOI_DIEM) VALUES (N'4e6ef2af-65ff-7d42-80ea-a60306d2ee71', 10, CAST(N'2024-05-05' AS DATE), 20, 1, N'1164CB3C-624D-2A4E-AA03-5A6CE983EB1A', N'A4F069F9-4938-9F4C-95E8-8E98A297BB1C', N'1DE45E46-E213-6146-92FD-5FFD07A59881'),
																																			(N'4e6ef2af-65ff-7d42-80ea-a60306d2ee72', 10, CAST(N'2024-05-05' AS DATE), 20, 1, N'1164CB3C-624D-2A4E-AA03-5A6CE983EB2A', N'A4F069F9-4938-9F4C-95E8-8E98A297BB2C', N'1DE45E46-E213-6146-92FD-5FFD07A59882'),
																																			(N'4e6ef2af-65ff-7d42-80ea-a60306d2ee73', 10, CAST(N'2024-05-05' AS DATE), 20, 1, N'1164CB3C-624D-2A4E-AA03-5A6CE983EB3A', N'A4F069F9-4938-9F4C-95E8-8E98A297BB3C', N'1DE45E46-E213-6146-92FD-5FFD07A59883'),
																																			(N'4e6ef2af-65ff-7d42-80ea-a60306d2ee75', 10, CAST(N'2024-05-05' AS DATE), 20, 1, N'1164CB3C-624D-2A4E-AA03-5A6CE983EB5A', N'A4F069F9-4938-9F4C-95E8-8E98A297BB5C', N'1DE45E46-E213-6146-92FD-5FFD07A59885'),
																																			(N'4e6ef2af-65ff-7d42-80ea-a60306d2ee76', 10, CAST(N'2024-05-05' AS DATE), 20, 1, N'1164CB3C-624D-2A4E-AA03-5A6CE983EB6A', N'A4F069F9-4938-9F4C-95E8-8E98A297BB6C', N'1DE45E46-E213-6146-92FD-5FFD07A59886'),
																																			(N'4e6ef2af-65ff-7d42-80ea-a60306d2ee77', 10, CAST(N'2024-05-05' AS DATE), 20, 1, N'1164CB3C-624D-2A4E-AA03-5A6CE983EB7A', N'A4F069F9-4938-9F4C-95E8-8E98A297BB7C', N'1DE45E46-E213-6146-92FD-5FFD07A59887'),
																																			(N'4e6ef2af-65ff-7d42-80ea-a60306d2ee78', 10, CAST(N'2024-05-05' AS DATE), 20, 1, N'1164CB3C-624D-2A4E-AA03-5A6CE983EB8A', N'A4F069F9-4938-9F4C-95E8-8E98A297BB8C', N'1DE45E46-E213-6146-92FD-5FFD07A59888'),
																																			(N'4e6ef2af-65ff-7d42-80ea-a60306d2ee79', 10, CAST(N'2024-05-05' AS DATE), 20, 1, N'1164CB3C-624D-2A4E-AA03-5A6CE983EB9A', N'A4F069F9-4938-9F4C-95E8-8E98A297BB9C', N'1DE45E46-E213-6146-92FD-5FFD07A59889')
INSERT INTO CHUONG_TRINH_GIAM_GIA_HOA_DON (ID, MA, TEN, DIEU_KIEN, SO_TIEN_GIAM_MAX, NGAY_BAT_DAU, NGAY_KET_THUC, PHAN_TRAM_GIAM, SO_LUONG, TRANG_THAI) VALUES (N'c7f1a240-e310-5e4e-86e2-ad5f034711ec', N'CTGGHD01', N'GIAM 10K', 100000, 50000, CAST(N'2024-05-05' AS DATE), CAST(N'2024-05-06' AS DATE), 10, 100, 1),
																																								(N'c7f1a240-e310-5e4e-86e2-ad5f034712ec', N'CTGGHD02', N'GIAM 10K', 100000, 50000, CAST(N'2024-05-05' AS DATE), CAST(N'2024-05-06' AS DATE), 10, 100, 1),
																																								(N'c7f1a240-e310-5e4e-86e2-ad5f034713ec', N'CTGGHD03', N'GIAM 10K', 100000, 50000, CAST(N'2024-05-05' AS DATE), CAST(N'2024-05-06' AS DATE), 10, 100, 1),
																																								(N'c7f1a240-e310-5e4e-86e2-ad5f034714ec', N'CTGGHD04', N'GIAM 10K', 100000, 50000, CAST(N'2024-05-05' AS DATE), CAST(N'2024-05-06' AS DATE), 10, 100, 1),
																																								(N'c7f1a240-e310-5e4e-86e2-ad5f034715ec', N'CTGGHD05', N'GIAM 10K', 100000, 50000, CAST(N'2024-05-05' AS DATE), CAST(N'2024-05-06' AS DATE), 10, 100, 1),
																																								(N'c7f1a240-e310-5e4e-86e2-ad5f034716ec', N'CTGGHD06', N'GIAM 10K', 100000, 50000, CAST(N'2024-05-05' AS DATE), CAST(N'2024-05-06' AS DATE), 10, 100, 1),
																																								(N'c7f1a240-e310-5e4e-86e2-ad5f034717ec', N'CTGGHD07', N'GIAM 10K', 100000, 50000, CAST(N'2024-05-05' AS DATE), CAST(N'2024-05-06' AS DATE), 10, 100, 1),
																																								(N'c7f1a240-e310-5e4e-86e2-ad5f034718ec', N'CTGGHD08', N'GIAM 10K', 100000, 50000, CAST(N'2024-05-05' AS DATE), CAST(N'2024-05-06' AS DATE), 10, 100, 1),
																																								(N'c7f1a240-e310-5e4e-86e2-ad5f034719ec', N'CTGGHD09', N'GIAM 10K', 100000, 50000, CAST(N'2024-05-05' AS DATE), CAST(N'2024-05-06' AS DATE), 10, 100, 1)
INSERT INTO CHUONG_TRINH_GIAM_GIA_CHI_TIET_HOA_DON (ID, TONG_TIEN, SO_TIEN_DA_GIAM, TONG_TIEN_THANH_TOAN, TRANG_THAI, ID_HOA_DON, ID_CHUONG_TRINH_GIAM_GIA_HOA_DON) VALUES (N'03e20fd9-689d-0e4f-9c32-bf7ea826321a', 100000, 50000, 50000, 1, N'A4F069F9-4938-9F4C-95E8-8E98A297BB1C', N'C7F1A240-E310-5E4E-86E2-AD5F034711EC'),
																																											(N'03e20fd9-689d-0e4f-9c32-bf7ea826322a', 100000, 50000, 50000, 1, N'A4F069F9-4938-9F4C-95E8-8E98A297BB2C', N'C7F1A240-E310-5E4E-86E2-AD5F034712EC'),
																																											(N'03e20fd9-689d-0e4f-9c32-bf7ea826323a', 100000, 50000, 50000, 1, N'A4F069F9-4938-9F4C-95E8-8E98A297BB3C', N'C7F1A240-E310-5E4E-86E2-AD5F034713EC'),
																																											(N'03e20fd9-689d-0e4f-9c32-bf7ea826325a', 100000, 50000, 50000, 1, N'A4F069F9-4938-9F4C-95E8-8E98A297BB5C', N'C7F1A240-E310-5E4E-86E2-AD5F034715EC'),
																																											(N'03e20fd9-689d-0e4f-9c32-bf7ea826326a', 100000, 50000, 50000, 1, N'A4F069F9-4938-9F4C-95E8-8E98A297BB6C', N'C7F1A240-E310-5E4E-86E2-AD5F034716EC'),
																																											(N'03e20fd9-689d-0e4f-9c32-bf7ea826327a', 100000, 50000, 50000, 1, N'A4F069F9-4938-9F4C-95E8-8E98A297BB7C', N'C7F1A240-E310-5E4E-86E2-AD5F034717EC'),
																																											(N'03e20fd9-689d-0e4f-9c32-bf7ea826328a', 100000, 50000, 50000, 1, N'A4F069F9-4938-9F4C-95E8-8E98A297BB8C', N'C7F1A240-E310-5E4E-86E2-AD5F034718EC'),
																																											(N'03e20fd9-689d-0e4f-9c32-bf7ea826329a', 100000, 50000, 50000, 1, N'A4F069F9-4938-9F4C-95E8-8E98A297BB9C', N'C7F1A240-E310-5E4E-86E2-AD5F034719EC')
INSERT INTO GIO_HANG_SAN_PHAM_YEU_THICH (ID, NGAY_TAO, TRANG_THAI, ID_KHACH_HANG) VALUES (N'3aea4d8c-ffac-f740-b7cf-c4e28a88dbc0', CAST(N'2024-05-05' AS DATE), 1, N'8273080D-FFA8-5445-851D-54FF2410DB10'),
																							(N'3aea4d8c-ffac-f740-b7cf-c4e28a88dbc1', CAST(N'2024-05-05' AS DATE), 1, N'8273080D-FFA8-5445-851D-54FF2410DB11'),
																							(N'3aea4d8c-ffac-f740-b7cf-c4e28a88dbc2', CAST(N'2024-05-05' AS DATE), 1, N'8273080D-FFA8-5445-851D-54FF2410DB12'),
																							(N'3aea4d8c-ffac-f740-b7cf-c4e28a88dbc3', CAST(N'2024-05-05' AS DATE), 1, N'8273080D-FFA8-5445-851D-54FF2410DB13'),
																							(N'3aea4d8c-ffac-f740-b7cf-c4e28a88dbc4', CAST(N'2024-05-05' AS DATE), 1, N'8273080D-FFA8-5445-851D-54FF2410DB14'),
																							(N'3aea4d8c-ffac-f740-b7cf-c4e28a88dbc5', CAST(N'2024-05-05' AS DATE), 1, N'8273080D-FFA8-5445-851D-54FF2410DB15'),
																							(N'3aea4d8c-ffac-f740-b7cf-c4e28a88dbc6', CAST(N'2024-05-05' AS DATE), 1, N'8273080D-FFA8-5445-851D-54FF2410DB16'),
																							(N'3aea4d8c-ffac-f740-b7cf-c4e28a88dbc7', CAST(N'2024-05-05' AS DATE), 1, N'8273080D-FFA8-5445-851D-54FF2410DB17'),
																							(N'3aea4d8c-ffac-f740-b7cf-c4e28a88dbc8', CAST(N'2024-05-05' AS DATE), 1, N'8273080D-FFA8-5445-851D-54FF2410DB18'),
																							(N'3aea4d8c-ffac-f740-b7cf-c4e28a88dbc9', CAST(N'2024-05-05' AS DATE), 1, N'8273080D-FFA8-5445-851D-54FF2410DB19')
INSERT INTO GIO_HANG_SAN_PHAM_YEU_THICH_CHI_TIET (ID, NGAY_TAO, TRANG_THAI, ID_GIO_HANG_SAN_PHAM_YEU_THICH, ID_GIAY) VALUES
(N'92335c6c-412a-ae40-9209-c755b1fe8d61', CAST(N'2024-05-05' AS DATE), 1, N'3AEA4D8C-FFAC-F740-B7CF-C4E28A88DBC1', N'8720D28F-5E84-7047-A0CD-886872B4EAC1'),
(N'92335c6c-412a-ae40-9209-c755b1fe8d62', CAST(N'2024-05-05' AS DATE), 1, N'3AEA4D8C-FFAC-F740-B7CF-C4E28A88DBC2', N'8720D28F-5E84-7047-A0CD-886872B4DBC2'),
(N'92335c6c-412a-ae40-9209-c755b1fe8d63', CAST(N'2024-05-05' AS DATE), 1, N'3AEA4D8C-FFAC-F740-B7CF-C4E28A88DBC3', N'8720D28F-5E84-7047-A0CD-886872B4DBC3'),
(N'92335c6c-412a-ae40-9209-c755b1fe8d64', CAST(N'2024-05-05' AS DATE), 1, N'3AEA4D8C-FFAC-F740-B7CF-C4E28A88DBC4', N'8720D28F-5E84-7047-A0CD-886872B4DBC4'),
(N'92335c6c-412a-ae40-9209-c755b1fe8d65', CAST(N'2024-05-05' AS DATE), 1, N'3AEA4D8C-FFAC-F740-B7CF-C4E28A88DBC5', N'8720D28F-5E84-7047-A0CD-886872B4DBC5'),
(N'92335c6c-412a-ae40-9209-c755b1fe8d66', CAST(N'2024-05-05' AS DATE), 1, N'3AEA4D8C-FFAC-F740-B7CF-C4E28A88DBC6', N'8720D28F-5E84-7047-A0CD-886872B4DBC6'),
(N'92335c6c-412a-ae40-9209-c755b1fe8d67', CAST(N'2024-05-05' AS DATE), 1, N'3AEA4D8C-FFAC-F740-B7CF-C4E28A88DBC7', N'8720D28F-5E84-7047-A0CD-886872B4DBC7'),
(N'92335c6c-412a-ae40-9209-c755b1fe8d68', CAST(N'2024-05-05' AS DATE), 1, N'3AEA4D8C-FFAC-F740-B7CF-C4E28A88DBC8', N'8720D28F-5E84-7047-A0CD-886872B4DBC8'),
(N'92335c6c-412a-ae40-9209-c755b1fe8d69', CAST(N'2024-05-05' AS DATE), 1, N'3AEA4D8C-FFAC-F740-B7CF-C4E28A88DBC9', N'8720D28F-5E84-7047-A0CD-886872B4DBC9')

--TRUY VAN SQL
